Nombre del producto;Tipo de producto;Ingredientes;Numero de veces que se pidio;Total pagado
ahumado;Plato principal;Lechuga,Cebolla,Naranja;0;0.0;
ahumado ahumado;Aperitivo;Lechuga,Queso,Harina;0;0.0;
ahumado ahumado ahumado;Carnes;Frijol,Leche,Lenteja;0;0.0;
ahumado ahumado bbq;Aperitivo;Naranja,Cebolla,Lechuga;0;0.0;
ahumado ahumado chocolate;Comida chatarra;Naranja,Huevos,Lechuga;0;0.0;
ahumado ahumado con salsa;Aperitivo;Naranja,Cebolla,Lenteja;0;0.0;
ahumado ahumado ensalada;Natural;Agua,Cebolla,Lenteja;0;0.0;
ahumado ahumado Filet;Panaderia;Agua,Cilantro,Tomate;0;0.0;
ahumado ahumado gourmet;Comida de mar;Agua,Queso,Lechuga;0;0.0;
ahumado ahumado papas;Comida de mar;Agua,Pimenton,Tomate;0;0.0;
ahumado ahumado rico;Panaderia;Harina,Cebolla,Lechuga;0;0.0;
ahumado ahumado termino medio;Comida de mar;Agua,Pimenton,Lechuga;0;0.0;
ahumado bbq;Panaderia;Lenteja,Cilantro,Bacalao;0;0.0;
ahumado bbq ahumado;Bebida;Agua,Leche,Lechuga;0;0.0;
ahumado bbq bbq;Panaderia;Harina,Pimenton,Lechuga;0;0.0;
ahumado bbq chocolate;Carnes;Bacalao,Huevos,Tomate;0;0.0;
ahumado bbq con salsa;Comida chatarra;Agua,Queso,Lechuga;0;0.0;
ahumado bbq ensalada;Carnes;Agua,Huevos,Tomate;0;0.0;
ahumado bbq Filet;Comida de mar;Agua,Leche,Lenteja;0;0.0;
ahumado bbq gourmet;Adicionales;Frijol,Cilantro,Tomate;0;0.0;
ahumado bbq papas;Dulces;Agua,Leche,Tomate;0;0.0;
ahumado bbq rico;Carnes;Bacalao,Queso,Lenteja;0;0.0;
ahumado bbq termino medio;Adicionales;Bacalao,Queso,Lenteja;0;0.0;
ahumado chocolate;Carnes;Pan,Leche,Naranja;0;0.0;
ahumado chocolate ahumado;Dulces;Frijol,Cebolla,Lechuga;0;0.0;
ahumado chocolate bbq;Dulces;Bacalao,Cilantro,Lenteja;0;0.0;
ahumado chocolate chocolate;Comida chatarra;Harina,Cilantro,Tomate;0;0.0;
ahumado chocolate con salsa;Plato principal;Bacalao,Queso,Lechuga;0;0.0;
ahumado chocolate ensalada;Panaderia;Agua,Pimenton,Lechuga;0;0.0;
ahumado chocolate Filet;Comida chatarra;Harina,Leche,Lenteja;0;0.0;
ahumado chocolate gourmet;Natural;Agua,Huevos,Tomate;0;0.0;
ahumado chocolate papas;Carnes;Harina,Pimenton,Lenteja;0;0.0;
ahumado chocolate rico;Adicionales;Agua,Leche,Tomate;0;0.0;
ahumado chocolate termino medio;Carnes;Naranja,Pimenton,Tomate;0;0.0;
ahumado con salsa;Plato principal;Lechuga,Pimenton,Frijol;0;0.0;
ahumado con salsa ahumado;Comida chatarra;Agua,Cilantro,Lechuga;0;0.0;
ahumado con salsa bbq;Plato principal;Bacalao,Leche,Pan;0;0.0;
ahumado con salsa chocolate;Comida chatarra;Frijol,Cilantro,Tomate;0;0.0;
ahumado con salsa con salsa;Panaderia;Bacalao,Cebolla,Pan;0;0.0;
ahumado con salsa ensalada;Comida chatarra;Harina,Leche,Pan;0;0.0;
ahumado con salsa Filet;Aperitivo;Naranja,Queso,Pan;0;0.0;
ahumado con salsa gourmet;Bebida;Agua,Pimenton,Lechuga;0;0.0;
ahumado con salsa papas;Panaderia;Naranja,Cebolla,Lechuga;0;0.0;
ahumado con salsa rico;Plato principal;Harina,Cebolla,Tomate;0;0.0;
ahumado con salsa termino medio;Comida de mar;Frijol,Leche,Lechuga;0;0.0;
ahumado ensalada;Comida chatarra;Tomate,Queso,Naranja;0;0.0;
ahumado ensalada ahumado;Carnes;Naranja,Pimenton,Lechuga;0;0.0;
ahumado ensalada bbq;Comida de mar;Harina,Cebolla,Pan;0;0.0;
ahumado ensalada chocolate;Plato principal;Harina,Cebolla,Tomate;0;0.0;
ahumado ensalada con salsa;Carnes;Naranja,Leche,Tomate;0;0.0;
ahumado ensalada ensalada;Adicionales;Bacalao,Cebolla,Lechuga;0;0.0;
ahumado ensalada Filet;Carnes;Bacalao,Pimenton,Lechuga;0;0.0;
ahumado ensalada gourmet;Carnes;Naranja,Cilantro,Pan;0;0.0;
ahumado ensalada papas;Carnes;Harina,Leche,Tomate;0;0.0;
ahumado ensalada rico;Bebida;Naranja,Queso,Lechuga;0;0.0;
ahumado ensalada termino medio;Plato principal;Bacalao,Pimenton,Tomate;0;0.0;
ahumado Filet;Plato principal;Tomate,Pimenton,Harina;0;0.0;
ahumado Filet ahumado;Comida de mar;Bacalao,Cebolla,Tomate;0;0.0;
ahumado Filet bbq;Plato principal;Agua,Cebolla,Tomate;0;0.0;
ahumado Filet chocolate;Carnes;Frijol,Huevos,Tomate;0;0.0;
ahumado Filet con salsa;Panaderia;Agua,Huevos,Lechuga;0;0.0;
ahumado Filet ensalada;Comida chatarra;Naranja,Leche,Tomate;0;0.0;
ahumado Filet Filet;Natural;Naranja,Cebolla,Tomate;0;0.0;
ahumado Filet gourmet;Panaderia;Harina,Cebolla,Pan;0;0.0;
ahumado Filet papas;Plato principal;Frijol,Cilantro,Tomate;0;0.0;
ahumado Filet rico;Aperitivo;Bacalao,Cilantro,Tomate;0;0.0;
ahumado Filet termino medio;Carnes;Harina,Queso,Tomate;0;0.0;
ahumado gourmet;Comida chatarra;Tomate,Cebolla,Agua;0;0.0;
ahumado gourmet ahumado;Carnes;Agua,Cilantro,Lechuga;0;0.0;
ahumado gourmet bbq;Comida chatarra;Harina,Huevos,Pan;0;0.0;
ahumado gourmet chocolate;Natural;Agua,Queso,Pan;0;0.0;
ahumado gourmet con salsa;Comida chatarra;Harina,Queso,Tomate;0;0.0;
ahumado gourmet ensalada;Dulces;Agua,Pimenton,Lechuga;0;0.0;
ahumado gourmet Filet;Natural;Naranja,Huevos,Lenteja;0;0.0;
ahumado gourmet gourmet;Natural;Agua,Cebolla,Lechuga;0;0.0;
ahumado gourmet papas;Plato principal;Naranja,Leche,Pan;0;0.0;
ahumado gourmet rico;Dulces;Bacalao,Huevos,Tomate;0;0.0;
ahumado gourmet termino medio;Carnes;Naranja,Queso,Lechuga;0;0.0;
ahumado papas;Carnes;Tomate,Cilantro,Bacalao;0;0.0;
ahumado papas ahumado;Comida chatarra;Frijol,Leche,Pan;0;0.0;
ahumado papas bbq;Aperitivo;Harina,Pimenton,Lechuga;0;0.0;
ahumado papas chocolate;Comida chatarra;Harina,Leche,Lechuga;0;0.0;
ahumado papas con salsa;Aperitivo;Bacalao,Pimenton,Lechuga;0;0.0;
ahumado papas ensalada;Comida chatarra;Bacalao,Huevos,Lenteja;0;0.0;
ahumado papas Filet;Comida de mar;Bacalao,Queso,Pan;0;0.0;
ahumado papas gourmet;Bebida;Naranja,Pimenton,Lenteja;0;0.0;
ahumado papas papas;Adicionales;Agua,Pimenton,Lechuga;0;0.0;
ahumado papas rico;Bebida;Harina,Cilantro,Lenteja;0;0.0;
ahumado papas termino medio;Bebida;Agua,Cilantro,Pan;0;0.0;
ahumado rico;Carnes;Lechuga,Pimenton,Harina;0;0.0;
ahumado rico ahumado;Comida de mar;Naranja,Leche,Lechuga;0;0.0;
ahumado rico bbq;Panaderia;Bacalao,Pimenton,Tomate;0;0.0;
ahumado rico chocolate;Dulces;Harina,Huevos,Pan;0;0.0;
ahumado rico con salsa;Comida chatarra;Frijol,Queso,Pan;0;0.0;
ahumado rico ensalada;Panaderia;Bacalao,Cebolla,Tomate;0;0.0;
ahumado rico Filet;Plato principal;Frijol,Pimenton,Lenteja;0;0.0;
ahumado rico gourmet;Bebida;Frijol,Leche,Lenteja;0;0.0;
ahumado rico papas;Carnes;Frijol,Leche,Lechuga;0;0.0;
ahumado rico rico;Adicionales;Agua,Queso,Lechuga;0;0.0;
ahumado rico termino medio;Dulces;Frijol,Queso,Lenteja;0;0.0;
ahumado termino medio;Aperitivo;Lechuga,Queso,Harina;0;0.0;
ahumado termino medio ahumado;Panaderia;Agua,Queso,Tomate;0;0.0;
ahumado termino medio bbq;Comida chatarra;Frijol,Queso,Tomate;0;0.0;
ahumado termino medio chocolate;Natural;Naranja,Queso,Lechuga;0;0.0;
ahumado termino medio con salsa;Comida chatarra;Agua,Leche,Pan;0;0.0;
ahumado termino medio ensalada;Carnes;Harina,Cebolla,Lenteja;0;0.0;
ahumado termino medio Filet;Plato principal;Bacalao,Cilantro,Lechuga;0;0.0;
ahumado termino medio gourmet;Plato principal;Harina,Cebolla,Lenteja;0;0.0;
ahumado termino medio papas;Natural;Bacalao,Huevos,Pan;0;0.0;
ahumado termino medio rico;Aperitivo;Bacalao,Pimenton,Lechuga;0;0.0;
ahumado termino medio termino medio;Plato principal;Agua,Pimenton,Pan;0;0.0;
bbq;Plato principal;Lenteja,Queso,Bacalao;0;0.0;
bbq ahumado;Aperitivo;Lenteja,Queso,Frijol;0;0.0;
bbq ahumado ahumado;Aperitivo;Frijol,Huevos,Lenteja;0;0.0;
bbq ahumado bbq;Adicionales;Naranja,Pimenton,Pan;0;0.0;
bbq ahumado chocolate;Aperitivo;Naranja,Cebolla,Pan;0;0.0;
bbq ahumado con salsa;Panaderia;Agua,Cilantro,Lechuga;0;0.0;
bbq ahumado ensalada;Natural;Bacalao,Queso,Lechuga;0;0.0;
bbq ahumado Filet;Comida de mar;Harina,Huevos,Tomate;0;0.0;
bbq ahumado gourmet;Dulces;Frijol,Huevos,Lechuga;0;0.0;
bbq ahumado papas;Bebida;Frijol,Cilantro,Tomate;0;0.0;
bbq ahumado rico;Plato principal;Frijol,Leche,Pan;0;0.0;
bbq ahumado termino medio;Bebida;Harina,Cilantro,Lenteja;0;0.0;
bbq bbq;Dulces;Pan,Leche,Bacalao;0;0.0;
bbq bbq ahumado;Plato principal;Harina,Pimenton,Pan;0;0.0;
bbq bbq bbq;Comida de mar;Agua,Pimenton,Lechuga;0;0.0;
bbq bbq chocolate;Bebida;Harina,Cilantro,Lenteja;0;0.0;
bbq bbq con salsa;Comida de mar;Frijol,Leche,Pan;0;0.0;
bbq bbq ensalada;Plato principal;Frijol,Pimenton,Tomate;0;0.0;
bbq bbq Filet;Aperitivo;Agua,Cilantro,Lechuga;0;0.0;
bbq bbq gourmet;Plato principal;Harina,Leche,Pan;0;0.0;
bbq bbq papas;Carnes;Agua,Pimenton,Lenteja;0;0.0;
bbq bbq rico;Carnes;Frijol,Pimenton,Tomate;0;0.0;
bbq bbq termino medio;Adicionales;Naranja,Pimenton,Lenteja;0;0.0;
bbq chocolate;Panaderia;Lenteja,Queso,Agua;0;0.0;
bbq chocolate ahumado;Comida de mar;Naranja,Cilantro,Pan;0;0.0;
bbq chocolate bbq;Comida de mar;Agua,Leche,Pan;0;0.0;
bbq chocolate chocolate;Plato principal;Naranja,Cilantro,Pan;0;0.0;
bbq chocolate con salsa;Bebida;Naranja,Huevos,Lenteja;0;0.0;
bbq chocolate ensalada;Aperitivo;Bacalao,Huevos,Lenteja;0;0.0;
bbq chocolate Filet;Dulces;Frijol,Cilantro,Pan;0;0.0;
bbq chocolate gourmet;Panaderia;Frijol,Leche,Tomate;0;0.0;
bbq chocolate papas;Dulces;Frijol,Queso,Tomate;0;0.0;
bbq chocolate rico;Panaderia;Bacalao,Cebolla,Pan;0;0.0;
bbq chocolate termino medio;Panaderia;Bacalao,Cilantro,Lechuga;0;0.0;
bbq con salsa;Comida de mar;Pan,Cebolla,Naranja;0;0.0;
bbq con salsa ahumado;Dulces;Naranja,Cilantro,Lenteja;0;0.0;
bbq con salsa bbq;Aperitivo;Naranja,Queso,Tomate;0;0.0;
bbq con salsa chocolate;Dulces;Frijol,Cilantro,Tomate;0;0.0;
bbq con salsa con salsa;Carnes;Frijol,Cilantro,Lechuga;0;0.0;
bbq con salsa ensalada;Dulces;Frijol,Cilantro,Tomate;0;0.0;
bbq con salsa Filet;Aperitivo;Frijol,Pimenton,Tomate;0;0.0;
bbq con salsa gourmet;Bebida;Bacalao,Cebolla,Lenteja;0;0.0;
bbq con salsa papas;Natural;Agua,Huevos,Tomate;0;0.0;
bbq con salsa rico;Comida de mar;Frijol,Queso,Lechuga;0;0.0;
bbq con salsa termino medio;Comida de mar;Agua,Queso,Lechuga;0;0.0;
bbq ensalada;Natural;Pan,Pimenton,Frijol;0;0.0;
bbq ensalada ahumado;Panaderia;Bacalao,Pimenton,Lenteja;0;0.0;
bbq ensalada bbq;Aperitivo;Bacalao,Cebolla,Lechuga;0;0.0;
bbq ensalada chocolate;Panaderia;Frijol,Queso,Tomate;0;0.0;
bbq ensalada con salsa;Plato principal;Naranja,Pimenton,Lechuga;0;0.0;
bbq ensalada ensalada;Carnes;Bacalao,Pimenton,Pan;0;0.0;
bbq ensalada Filet;Aperitivo;Naranja,Queso,Tomate;0;0.0;
bbq ensalada gourmet;Comida de mar;Frijol,Cebolla,Lenteja;0;0.0;
bbq ensalada papas;Dulces;Harina,Pimenton,Tomate;0;0.0;
bbq ensalada rico;Aperitivo;Naranja,Cebolla,Lenteja;0;0.0;
bbq ensalada termino medio;Panaderia;Naranja,Leche,Tomate;0;0.0;
bbq Filet;Comida de mar;Lenteja,Pimenton,Agua;0;0.0;
bbq Filet ahumado;Aperitivo;Agua,Leche,Pan;0;0.0;
bbq Filet bbq;Aperitivo;Agua,Huevos,Tomate;0;0.0;
bbq Filet chocolate;Comida chatarra;Bacalao,Pimenton,Pan;0;0.0;
bbq Filet con salsa;Adicionales;Naranja,Queso,Lechuga;0;0.0;
bbq Filet ensalada;Bebida;Harina,Leche,Lechuga;0;0.0;
bbq Filet Filet;Adicionales;Bacalao,Pimenton,Pan;0;0.0;
bbq Filet gourmet;Adicionales;Frijol,Cebolla,Lechuga;0;0.0;
bbq Filet papas;Carnes;Agua,Cebolla,Tomate;0;0.0;
bbq Filet rico;Panaderia;Frijol,Pimenton,Lenteja;0;0.0;
bbq Filet termino medio;Comida chatarra;Harina,Pimenton,Pan;0;0.0;
bbq gourmet;Bebida;Tomate,Leche,Naranja;0;0.0;
bbq gourmet ahumado;Comida de mar;Agua,Leche,Lenteja;0;0.0;
bbq gourmet bbq;Natural;Bacalao,Cebolla,Lenteja;0;0.0;
bbq gourmet chocolate;Panaderia;Agua,Queso,Pan;0;0.0;
bbq gourmet con salsa;Adicionales;Harina,Cilantro,Pan;0;0.0;
bbq gourmet ensalada;Carnes;Frijol,Pimenton,Pan;0;0.0;
bbq gourmet Filet;Aperitivo;Naranja,Leche,Lenteja;0;0.0;
bbq gourmet gourmet;Aperitivo;Bacalao,Cebolla,Tomate;0;0.0;
bbq gourmet papas;Panaderia;Harina,Cilantro,Tomate;0;0.0;
bbq gourmet rico;Panaderia;Naranja,Queso,Tomate;0;0.0;
bbq gourmet termino medio;Dulces;Harina,Cilantro,Lenteja;0;0.0;
bbq papas;Plato principal;Lenteja,Cilantro,Bacalao;0;0.0;
bbq papas ahumado;Dulces;Frijol,Queso,Tomate;0;0.0;
bbq papas bbq;Adicionales;Naranja,Pimenton,Pan;0;0.0;
bbq papas chocolate;Adicionales;Harina,Cebolla,Lenteja;0;0.0;
bbq papas con salsa;Comida de mar;Harina,Queso,Pan;0;0.0;
bbq papas ensalada;Carnes;Bacalao,Leche,Lechuga;0;0.0;
bbq papas Filet;Aperitivo;Harina,Cebolla,Pan;0;0.0;
bbq papas gourmet;Aperitivo;Naranja,Queso,Lechuga;0;0.0;
bbq papas papas;Comida de mar;Frijol,Cilantro,Pan;0;0.0;
bbq papas rico;Carnes;Harina,Queso,Lechuga;0;0.0;
bbq papas termino medio;Dulces;Frijol,Cebolla,Pan;0;0.0;
bbq rico;Aperitivo;Lenteja,Leche,Frijol;0;0.0;
bbq rico ahumado;Bebida;Naranja,Huevos,Lechuga;0;0.0;
bbq rico bbq;Comida chatarra;Harina,Queso,Tomate;0;0.0;
bbq rico chocolate;Comida chatarra;Bacalao,Pimenton,Lenteja;0;0.0;
bbq rico con salsa;Plato principal;Harina,Pimenton,Tomate;0;0.0;
bbq rico ensalada;Plato principal;Naranja,Huevos,Lechuga;0;0.0;
bbq rico Filet;Carnes;Harina,Leche,Pan;0;0.0;
bbq rico gourmet;Bebida;Agua,Leche,Lechuga;0;0.0;
bbq rico papas;Carnes;Frijol,Pimenton,Lechuga;0;0.0;
bbq rico rico;Dulces;Naranja,Cilantro,Lechuga;0;0.0;
bbq rico termino medio;Comida de mar;Bacalao,Huevos,Lechuga;0;0.0;
bbq termino medio;Bebida;Lenteja,Queso,Naranja;0;0.0;
bbq termino medio ahumado;Natural;Naranja,Huevos,Lenteja;0;0.0;
bbq termino medio bbq;Dulces;Frijol,Leche,Tomate;0;0.0;
bbq termino medio chocolate;Carnes;Frijol,Leche,Lenteja;0;0.0;
bbq termino medio con salsa;Natural;Naranja,Pimenton,Pan;0;0.0;
bbq termino medio ensalada;Panaderia;Harina,Cebolla,Lenteja;0;0.0;
bbq termino medio Filet;Adicionales;Agua,Huevos,Tomate;0;0.0;
bbq termino medio gourmet;Aperitivo;Naranja,Cebolla,Lenteja;0;0.0;
bbq termino medio papas;Adicionales;Harina,Queso,Lenteja;0;0.0;
bbq termino medio rico;Adicionales;Bacalao,Queso,Lechuga;0;0.0;
bbq termino medio termino medio;Bebida;Harina,Pimenton,Pan;0;0.0;
chocolate;Panaderia;Lenteja,Leche,Harina;0;0.0;
chocolate ahumado;Comida chatarra;Pan,Leche,Frijol;0;0.0;
chocolate ahumado ahumado;Bebida;Bacalao,Cilantro,Tomate;0;0.0;
chocolate ahumado bbq;Comida de mar;Bacalao,Cebolla,Tomate;0;0.0;
chocolate ahumado chocolate;Panaderia;Frijol,Cebolla,Lenteja;0;0.0;
chocolate ahumado con salsa;Adicionales;Frijol,Leche,Pan;0;0.0;
chocolate ahumado ensalada;Bebida;Frijol,Pimenton,Tomate;0;0.0;
chocolate ahumado Filet;Adicionales;Naranja,Queso,Tomate;0;0.0;
chocolate ahumado gourmet;Plato principal;Naranja,Cebolla,Tomate;0;0.0;
chocolate ahumado papas;Comida chatarra;Naranja,Pimenton,Lenteja;0;0.0;
chocolate ahumado rico;Comida chatarra;Bacalao,Cilantro,Pan;0;0.0;
chocolate ahumado termino medio;Comida chatarra;Naranja,Leche,Lenteja;0;0.0;
chocolate bbq;Panaderia;Tomate,Cilantro,Frijol;0;0.0;
chocolate bbq ahumado;Dulces;Agua,Pimenton,Lechuga;0;0.0;
chocolate bbq bbq;Comida de mar;Naranja,Cebolla,Pan;0;0.0;
chocolate bbq chocolate;Plato principal;Frijol,Queso,Pan;0;0.0;
chocolate bbq con salsa;Bebida;Agua,Pimenton,Lenteja;0;0.0;
chocolate bbq ensalada;Natural;Bacalao,Huevos,Lechuga;0;0.0;
chocolate bbq Filet;Comida de mar;Bacalao,Queso,Lenteja;0;0.0;
chocolate bbq gourmet;Comida de mar;Frijol,Cilantro,Tomate;0;0.0;
chocolate bbq papas;Panaderia;Naranja,Cilantro,Lechuga;0;0.0;
chocolate bbq rico;Aperitivo;Naranja,Cebolla,Lechuga;0;0.0;
chocolate bbq termino medio;Panaderia;Agua,Cebolla,Pan;0;0.0;
chocolate chocolate;Natural;Tomate,Pimenton,Frijol;0;0.0;
chocolate chocolate ahumado;Comida chatarra;Frijol,Cebolla,Lechuga;0;0.0;
chocolate chocolate bbq;Natural;Frijol,Pimenton,Pan;0;0.0;
chocolate chocolate chocolate;Aperitivo;Bacalao,Leche,Pan;0;0.0;
chocolate chocolate con salsa;Aperitivo;Harina,Pimenton,Pan;0;0.0;
chocolate chocolate ensalada;Comida de mar;Frijol,Huevos,Pan;0;0.0;
chocolate chocolate Filet;Comida de mar;Harina,Cilantro,Pan;0;0.0;
chocolate chocolate gourmet;Comida chatarra;Frijol,Huevos,Tomate;0;0.0;
chocolate chocolate papas;Comida de mar;Frijol,Queso,Tomate;0;0.0;
chocolate chocolate rico;Plato principal;Bacalao,Cilantro,Pan;0;0.0;
chocolate chocolate termino medio;Panaderia;Naranja,Cilantro,Tomate;0;0.0;
chocolate con salsa;Plato principal;Lechuga,Cebolla,Frijol;0;0.0;
chocolate con salsa ahumado;Carnes;Bacalao,Leche,Lechuga;0;0.0;
chocolate con salsa bbq;Plato principal;Frijol,Leche,Pan;0;0.0;
chocolate con salsa chocolate;Adicionales;Frijol,Pimenton,Pan;0;0.0;
chocolate con salsa con salsa;Aperitivo;Naranja,Cebolla,Lechuga;0;0.0;
chocolate con salsa ensalada;Dulces;Frijol,Leche,Tomate;0;0.0;
chocolate con salsa Filet;Panaderia;Bacalao,Cilantro,Tomate;0;0.0;
chocolate con salsa gourmet;Bebida;Harina,Leche,Tomate;0;0.0;
chocolate con salsa papas;Bebida;Frijol,Cebolla,Lechuga;0;0.0;
chocolate con salsa rico;Plato principal;Naranja,Huevos,Tomate;0;0.0;
chocolate con salsa termino medio;Comida chatarra;Harina,Queso,Pan;0;0.0;
chocolate ensalada;Panaderia;Tomate,Queso,Bacalao;0;0.0;
chocolate ensalada ahumado;Natural;Bacalao,Cebolla,Tomate;0;0.0;
chocolate ensalada bbq;Carnes;Harina,Queso,Tomate;0;0.0;
chocolate ensalada chocolate;Panaderia;Naranja,Huevos,Lenteja;0;0.0;
chocolate ensalada con salsa;Aperitivo;Bacalao,Pimenton,Lechuga;0;0.0;
chocolate ensalada ensalada;Comida chatarra;Frijol,Leche,Lenteja;0;0.0;
chocolate ensalada Filet;Panaderia;Harina,Leche,Lechuga;0;0.0;
chocolate ensalada gourmet;Panaderia;Naranja,Cebolla,Lenteja;0;0.0;
chocolate ensalada papas;Adicionales;Frijol,Queso,Lechuga;0;0.0;
chocolate ensalada rico;Comida de mar;Frijol,Cebolla,Tomate;0;0.0;
chocolate ensalada termino medio;Natural;Bacalao,Queso,Tomate;0;0.0;
chocolate Filet;Dulces;Lenteja,Cebolla,Naranja;0;0.0;
chocolate Filet ahumado;Aperitivo;Naranja,Pimenton,Lenteja;0;0.0;
chocolate Filet bbq;Bebida;Bacalao,Leche,Tomate;0;0.0;
chocolate Filet chocolate;Bebida;Frijol,Leche,Tomate;0;0.0;
chocolate Filet con salsa;Plato principal;Naranja,Cilantro,Pan;0;0.0;
chocolate Filet ensalada;Bebida;Agua,Queso,Lenteja;0;0.0;
chocolate Filet Filet;Adicionales;Naranja,Queso,Pan;0;0.0;
chocolate Filet gourmet;Bebida;Naranja,Pimenton,Lechuga;0;0.0;
chocolate Filet papas;Comida de mar;Bacalao,Leche,Tomate;0;0.0;
chocolate Filet rico;Aperitivo;Bacalao,Huevos,Tomate;0;0.0;
chocolate Filet termino medio;Panaderia;Frijol,Huevos,Pan;0;0.0;
chocolate gourmet;Aperitivo;Lechuga,Leche,Frijol;0;0.0;
chocolate gourmet ahumado;Bebida;Bacalao,Cilantro,Lenteja;0;0.0;
chocolate gourmet bbq;Plato principal;Agua,Queso,Pan;0;0.0;
chocolate gourmet chocolate;Natural;Frijol,Cilantro,Tomate;0;0.0;
chocolate gourmet con salsa;Bebida;Frijol,Leche,Pan;0;0.0;
chocolate gourmet ensalada;Plato principal;Frijol,Huevos,Tomate;0;0.0;
chocolate gourmet Filet;Dulces;Agua,Pimenton,Lenteja;0;0.0;
chocolate gourmet gourmet;Plato principal;Naranja,Leche,Lechuga;0;0.0;
chocolate gourmet papas;Panaderia;Bacalao,Cebolla,Tomate;0;0.0;
chocolate gourmet rico;Comida de mar;Harina,Cilantro,Tomate;0;0.0;
chocolate gourmet termino medio;Dulces;Harina,Queso,Lenteja;0;0.0;
chocolate papas;Carnes;Pan,Cebolla,Bacalao;0;0.0;
chocolate papas ahumado;Adicionales;Bacalao,Leche,Lechuga;0;0.0;
chocolate papas bbq;Panaderia;Bacalao,Cilantro,Pan;0;0.0;
chocolate papas chocolate;Comida de mar;Frijol,Cilantro,Lenteja;0;0.0;
chocolate papas con salsa;Panaderia;Frijol,Huevos,Pan;0;0.0;
chocolate papas ensalada;Carnes;Agua,Cilantro,Pan;0;0.0;
chocolate papas Filet;Panaderia;Harina,Cilantro,Lenteja;0;0.0;
chocolate papas gourmet;Comida chatarra;Harina,Cebolla,Lechuga;0;0.0;
chocolate papas papas;Natural;Harina,Huevos,Lenteja;0;0.0;
chocolate papas rico;Bebida;Agua,Pimenton,Tomate;0;0.0;
chocolate papas termino medio;Comida de mar;Harina,Huevos,Lechuga;0;0.0;
chocolate rico;Carnes;Lechuga,Queso,Agua;0;0.0;
chocolate rico ahumado;Bebida;Naranja,Pimenton,Pan;0;0.0;
chocolate rico bbq;Comida de mar;Bacalao,Leche,Lechuga;0;0.0;
chocolate rico chocolate;Comida de mar;Bacalao,Cilantro,Pan;0;0.0;
chocolate rico con salsa;Comida de mar;Frijol,Pimenton,Lechuga;0;0.0;
chocolate rico ensalada;Aperitivo;Bacalao,Pimenton,Lechuga;0;0.0;
chocolate rico Filet;Panaderia;Agua,Leche,Lechuga;0;0.0;
chocolate rico gourmet;Natural;Agua,Cebolla,Tomate;0;0.0;
chocolate rico papas;Aperitivo;Frijol,Leche,Pan;0;0.0;
chocolate rico rico;Bebida;Bacalao,Leche,Tomate;0;0.0;
chocolate rico termino medio;Dulces;Naranja,Pimenton,Lenteja;0;0.0;
chocolate termino medio;Comida chatarra;Tomate,Leche,Naranja;0;0.0;
chocolate termino medio ahumado;Bebida;Bacalao,Queso,Pan;0;0.0;
chocolate termino medio bbq;Natural;Agua,Cebolla,Tomate;0;0.0;
chocolate termino medio chocolate;Carnes;Bacalao,Leche,Lechuga;0;0.0;
chocolate termino medio con salsa;Plato principal;Harina,Cilantro,Pan;0;0.0;
chocolate termino medio ensalada;Comida chatarra;Agua,Pimenton,Tomate;0;0.0;
chocolate termino medio Filet;Comida chatarra;Naranja,Huevos,Lechuga;0;0.0;
chocolate termino medio gourmet;Aperitivo;Naranja,Queso,Tomate;0;0.0;
chocolate termino medio papas;Comida chatarra;Agua,Leche,Lechuga;0;0.0;
chocolate termino medio rico;Carnes;Naranja,Pimenton,Tomate;0;0.0;
chocolate termino medio termino medio;Comida chatarra;Agua,Pimenton,Tomate;0;0.0;
con salsa;Adicionales;Lechuga,Queso,Frijol;0;0.0;
con salsa ahumado;Carnes;Tomate,Queso,Frijol;0;0.0;
con salsa ahumado ahumado;Dulces;Pan,Lenteja,Naranja;0;0.0;
con salsa ahumado bbq;Natural;Cilantro,Lenteja,Bacalao;0;0.0;
con salsa ahumado chocolate;Dulces;Queso,Lenteja,Frijol;0;0.0;
con salsa ahumado con salsa;Aperitivo;Cilantro,Lechuga,Agua;0;0.0;
con salsa ahumado ensalada;Panaderia;Cebolla,Tomate,Naranja;0;0.0;
con salsa ahumado Filet;Dulces;Huevos,Lenteja,Agua;0;0.0;
con salsa ahumado gourmet;Dulces;Cilantro,Lenteja,Naranja;0;0.0;
con salsa ahumado papas;Comida de mar;Pan,Tomate,Naranja;0;0.0;
con salsa ahumado rico;Panaderia;Pan,Lechuga,Frijol;0;0.0;
con salsa ahumado termino medio;Comida chatarra;Queso,Lenteja,Frijol;0;0.0;
con salsa bbq;Adicionales;Pan,Cebolla,Frijol;0;0.0;
con salsa bbq ahumado;Carnes;Cebolla,Lechuga,Naranja;0;0.0;
con salsa bbq bbq;Carnes;Pimenton,Lenteja,Harina;0;0.0;
con salsa bbq chocolate;Plato principal;Cebolla,Lenteja,Agua;0;0.0;
con salsa bbq con salsa;Adicionales;Cilantro,Lenteja,Naranja;0;0.0;
con salsa bbq ensalada;Bebida;Pimenton,Lechuga,Harina;0;0.0;
con salsa bbq Filet;Natural;Queso,Lenteja,Naranja;0;0.0;
con salsa bbq gourmet;Carnes;Cebolla,Tomate,Agua;0;0.0;
con salsa bbq papas;Plato principal;Cilantro,Lenteja,Naranja;0;0.0;
con salsa bbq rico;Carnes;Cebolla,Tomate,Harina;0;0.0;
con salsa bbq termino medio;Natural;Cebolla,Lechuga,Frijol;0;0.0;
con salsa chocolate;Plato principal;Lenteja,Leche,Agua;0;0.0;
con salsa chocolate ahumado;Adicionales;Leche,Tomate,Agua;0;0.0;
con salsa chocolate bbq;Comida de mar;Queso,Lechuga,Naranja;0;0.0;
con salsa chocolate chocolate;Panaderia;Cilantro,Lechuga,Agua;0;0.0;
con salsa chocolate con salsa;Aperitivo;Pimenton,Lechuga,Bacalao;0;0.0;
con salsa chocolate ensalada;Carnes;Cilantro,Lenteja,Bacalao;0;0.0;
con salsa chocolate Filet;Carnes;Pimenton,Lechuga,Bacalao;0;0.0;
con salsa chocolate gourmet;Panaderia;Leche,Lechuga,Frijol;0;0.0;
con salsa chocolate papas;Carnes;Huevos,Tomate,Frijol;0;0.0;
con salsa chocolate rico;Comida chatarra;Pimenton,Lenteja,Bacalao;0;0.0;
con salsa chocolate termino medio;Adicionales;Huevos,Tomate,Harina;0;0.0;
con salsa con salsa;Bebida;Lechuga,Queso,Harina;0;0.0;
con salsa con salsa ahumado;Bebida;Pimenton,Tomate,Frijol;0;0.0;
con salsa con salsa bbq;Panaderia;Queso,Lenteja,Harina;0;0.0;
con salsa con salsa chocolate;Natural;Pan,Lenteja,Harina;0;0.0;
con salsa con salsa con salsa;Plato principal;Cilantro,Lechuga,Frijol;0;0.0;
con salsa con salsa ensalada;Aperitivo;Queso,Lechuga,Agua;0;0.0;
con salsa con salsa Filet;Natural;Pan,Lenteja,Naranja;0;0.0;
con salsa con salsa gourmet;Dulces;Huevos,Lechuga,Bacalao;0;0.0;
con salsa con salsa papas;Dulces;Huevos,Lechuga,Agua;0;0.0;
con salsa con salsa rico;Adicionales;Cebolla,Lenteja,Naranja;0;0.0;
con salsa con salsa termino medio;Carnes;Cebolla,Lechuga,Agua;0;0.0;
con salsa ensalada;Aperitivo;Tomate,Leche,Harina;0;0.0;
con salsa ensalada ahumado;Natural;Cebolla,Lechuga,Agua;0;0.0;
con salsa ensalada bbq;Comida chatarra;Cebolla,Lenteja,Naranja;0;0.0;
con salsa ensalada chocolate;Comida chatarra;Cilantro,Lechuga,Harina;0;0.0;
con salsa ensalada con salsa;Plato principal;Cilantro,Tomate,Agua;0;0.0;
con salsa ensalada ensalada;Comida chatarra;Cebolla,Lenteja,Agua;0;0.0;
con salsa ensalada Filet;Bebida;Huevos,Tomate,Harina;0;0.0;
con salsa ensalada gourmet;Carnes;Huevos,Tomate,Naranja;0;0.0;
con salsa ensalada papas;Panaderia;Queso,Lechuga,Harina;0;0.0;
con salsa ensalada rico;Natural;Pan,Lenteja,Harina;0;0.0;
con salsa ensalada termino medio;Natural;Leche,Lenteja,Agua;0;0.0;
con salsa Filet;Comida de mar;Tomate,Cebolla,Harina;0;0.0;
con salsa Filet ahumado;Adicionales;Cilantro,Lenteja,Harina;0;0.0;
con salsa Filet bbq;Aperitivo;Leche,Tomate,Harina;0;0.0;
con salsa Filet chocolate;Comida de mar;Leche,Tomate,Naranja;0;0.0;
con salsa Filet con salsa;Bebida;Queso,Lechuga,Frijol;0;0.0;
con salsa Filet ensalada;Aperitivo;Pimenton,Tomate,Bacalao;0;0.0;
con salsa Filet Filet;Bebida;Leche,Tomate,Agua;0;0.0;
con salsa Filet gourmet;Plato principal;Pan,Lechuga,Frijol;0;0.0;
con salsa Filet papas;Dulces;Leche,Lenteja,Harina;0;0.0;
con salsa Filet rico;Panaderia;Cilantro,Lenteja,Frijol;0;0.0;
con salsa Filet termino medio;Carnes;Cebolla,Lechuga,Naranja;0;0.0;
con salsa gourmet;Comida de mar;Tomate,Queso,Naranja;0;0.0;
con salsa gourmet ahumado;Comida chatarra;Pan,Lechuga,Naranja;0;0.0;
con salsa gourmet bbq;Panaderia;Huevos,Lechuga,Naranja;0;0.0;
con salsa gourmet chocolate;Dulces;Queso,Lechuga,Agua;0;0.0;
con salsa gourmet con salsa;Comida de mar;Pan,Lenteja,Harina;0;0.0;
con salsa gourmet ensalada;Comida de mar;Cilantro,Lenteja,Frijol;0;0.0;
con salsa gourmet Filet;Dulces;Queso,Lenteja,Frijol;0;0.0;
con salsa gourmet gourmet;Comida de mar;Cebolla,Lechuga,Naranja;0;0.0;
con salsa gourmet papas;Aperitivo;Pimenton,Tomate,Harina;0;0.0;
con salsa gourmet rico;Comida de mar;Pan,Tomate,Frijol;0;0.0;
con salsa gourmet termino medio;Carnes;Cilantro,Tomate,Agua;0;0.0;
con salsa papas;Plato principal;Tomate,Cilantro,Frijol;0;0.0;
con salsa papas ahumado;Adicionales;Cebolla,Lechuga,Naranja;0;0.0;
con salsa papas bbq;Plato principal;Cebolla,Tomate,Naranja;0;0.0;
con salsa papas chocolate;Plato principal;Pan,Lechuga,Frijol;0;0.0;
con salsa papas con salsa;Aperitivo;Queso,Tomate,Agua;0;0.0;
con salsa papas ensalada;Carnes;Huevos,Tomate,Harina;0;0.0;
con salsa papas Filet;Aperitivo;Leche,Tomate,Naranja;0;0.0;
con salsa papas gourmet;Comida de mar;Cilantro,Lenteja,Agua;0;0.0;
con salsa papas papas;Carnes;Cebolla,Lenteja,Frijol;0;0.0;
con salsa papas rico;Plato principal;Pimenton,Lenteja,Naranja;0;0.0;
con salsa papas termino medio;Plato principal;Pan,Lenteja,Bacalao;0;0.0;
con salsa rico;Dulces;Lechuga,Cebolla,Naranja;0;0.0;
con salsa rico ahumado;Comida chatarra;Cebolla,Lechuga,Harina;0;0.0;
con salsa rico bbq;Bebida;Cilantro,Lechuga,Harina;0;0.0;
con salsa rico chocolate;Plato principal;Queso,Tomate,Naranja;0;0.0;
con salsa rico con salsa;Carnes;Queso,Lechuga,Bacalao;0;0.0;
con salsa rico ensalada;Natural;Pimenton,Lenteja,Agua;0;0.0;
con salsa rico Filet;Panaderia;Cilantro,Lenteja,Frijol;0;0.0;
con salsa rico gourmet;Aperitivo;Huevos,Lenteja,Naranja;0;0.0;
con salsa rico papas;Aperitivo;Cilantro,Lenteja,Agua;0;0.0;
con salsa rico rico;Comida chatarra;Huevos,Lenteja,Bacalao;0;0.0;
con salsa rico termino medio;Dulces;Cebolla,Lenteja,Bacalao;0;0.0;
con salsa termino medio;Plato principal;Pan,Pimenton,Naranja;0;0.0;
con salsa termino medio ahumado;Adicionales;Cebolla,Tomate,Naranja;0;0.0;
con salsa termino medio bbq;Dulces;Pan,Tomate,Naranja;0;0.0;
con salsa termino medio chocolate;Carnes;Pimenton,Lechuga,Frijol;0;0.0;
con salsa termino medio con salsa;Dulces;Cebolla,Lechuga,Agua;0;0.0;
con salsa termino medio ensalada;Comida chatarra;Cilantro,Lechuga,Bacalao;0;0.0;
con salsa termino medio Filet;Comida de mar;Queso,Lenteja,Naranja;0;0.0;
con salsa termino medio gourmet;Aperitivo;Pimenton,Lenteja,Frijol;0;0.0;
con salsa termino medio papas;Carnes;Pimenton,Tomate,Agua;0;0.0;
con salsa termino medio rico;Comida de mar;Pan,Lenteja,Frijol;0;0.0;
con salsa termino medio termino medio;Adicionales;Cilantro,Lechuga,Frijol;0;0.0;
ensalada;Comida de mar;Tomate,Cilantro,Harina;0;0.0;
ensalada ahumado;Plato principal;Pan,Queso,Naranja;0;0.0;
ensalada ahumado ahumado;Plato principal;Harina,Pimenton,Lechuga;0;0.0;
ensalada ahumado bbq;Dulces;Harina,Queso,Pan;0;0.0;
ensalada ahumado chocolate;Dulces;Bacalao,Cilantro,Lenteja;0;0.0;
ensalada ahumado con salsa;Bebida;Bacalao,Cebolla,Tomate;0;0.0;
ensalada ahumado ensalada;Dulces;Bacalao,Cilantro,Lechuga;0;0.0;
ensalada ahumado Filet;Adicionales;Harina,Leche,Lechuga;0;0.0;
ensalada ahumado gourmet;Dulces;Naranja,Huevos,Pan;0;0.0;
ensalada ahumado papas;Panaderia;Frijol,Cilantro,Lechuga;0;0.0;
ensalada ahumado rico;Adicionales;Frijol,Cebolla,Tomate;0;0.0;
ensalada ahumado termino medio;Adicionales;Bacalao,Queso,Tomate;0;0.0;
ensalada bbq;Adicionales;Lenteja,Cilantro,Agua;0;0.0;
ensalada bbq ahumado;Natural;Bacalao,Cilantro,Pan;0;0.0;
ensalada bbq bbq;Natural;Bacalao,Huevos,Lechuga;0;0.0;
ensalada bbq chocolate;Plato principal;Naranja,Leche,Pan;0;0.0;
ensalada bbq con salsa;Comida de mar;Naranja,Pimenton,Lenteja;0;0.0;
ensalada bbq ensalada;Bebida;Harina,Pimenton,Lechuga;0;0.0;
ensalada bbq Filet;Carnes;Frijol,Leche,Tomate;0;0.0;
ensalada bbq gourmet;Comida chatarra;Frijol,Pimenton,Lechuga;0;0.0;
ensalada bbq papas;Panaderia;Harina,Cebolla,Pan;0;0.0;
ensalada bbq rico;Carnes;Harina,Cebolla,Lechuga;0;0.0;
ensalada bbq termino medio;Panaderia;Harina,Pimenton,Pan;0;0.0;
ensalada chocolate;Natural;Lenteja,Cebolla,Bacalao;0;0.0;
ensalada chocolate ahumado;Comida chatarra;Harina,Cebolla,Tomate;0;0.0;
ensalada chocolate bbq;Bebida;Agua,Huevos,Lechuga;0;0.0;
ensalada chocolate chocolate;Carnes;Frijol,Huevos,Lechuga;0;0.0;
ensalada chocolate con salsa;Comida de mar;Harina,Cebolla,Pan;0;0.0;
ensalada chocolate ensalada;Natural;Harina,Pimenton,Pan;0;0.0;
ensalada chocolate Filet;Plato principal;Frijol,Queso,Lechuga;0;0.0;
ensalada chocolate gourmet;Panaderia;Naranja,Cilantro,Lechuga;0;0.0;
ensalada chocolate papas;Adicionales;Harina,Huevos,Tomate;0;0.0;
ensalada chocolate rico;Panaderia;Agua,Queso,Pan;0;0.0;
ensalada chocolate termino medio;Adicionales;Frijol,Queso,Tomate;0;0.0;
ensalada con salsa;Adicionales;Pan,Cilantro,Harina;0;0.0;
ensalada con salsa ahumado;Carnes;Harina,Queso,Lenteja;0;0.0;
ensalada con salsa bbq;Carnes;Agua,Queso,Pan;0;0.0;
ensalada con salsa chocolate;Bebida;Frijol,Cebolla,Lenteja;0;0.0;
ensalada con salsa con salsa;Comida chatarra;Agua,Leche,Pan;0;0.0;
ensalada con salsa ensalada;Aperitivo;Naranja,Cilantro,Tomate;0;0.0;
ensalada con salsa Filet;Carnes;Harina,Pimenton,Pan;0;0.0;
ensalada con salsa gourmet;Natural;Bacalao,Queso,Lenteja;0;0.0;
ensalada con salsa papas;Dulces;Frijol,Queso,Pan;0;0.0;
ensalada con salsa rico;Dulces;Harina,Cebolla,Lenteja;0;0.0;
ensalada con salsa termino medio;Aperitivo;Harina,Queso,Pan;0;0.0;
ensalada ensalada;Adicionales;Lenteja,Cebolla,Naranja;0;0.0;
ensalada ensalada ahumado;Bebida;Naranja,Cilantro,Pan;0;0.0;
ensalada ensalada bbq;Panaderia;Frijol,Cilantro,Pan;0;0.0;
ensalada ensalada chocolate;Carnes;Frijol,Queso,Lechuga;0;0.0;
ensalada ensalada con salsa;Adicionales;Frijol,Huevos,Lechuga;0;0.0;
ensalada ensalada ensalada;Natural;Frijol,Cebolla,Lechuga;0;0.0;
ensalada ensalada Filet;Comida chatarra;Bacalao,Cebolla,Lechuga;0;0.0;
ensalada ensalada gourmet;Panaderia;Harina,Cebolla,Lenteja;0;0.0;
ensalada ensalada papas;Natural;Frijol,Cilantro,Tomate;0;0.0;
ensalada ensalada rico;Panaderia;Harina,Huevos,Pan;0;0.0;
ensalada ensalada termino medio;Carnes;Harina,Cebolla,Lenteja;0;0.0;
ensalada Filet;Comida de mar;Pan,Queso,Frijol;0;0.0;
ensalada Filet ahumado;Bebida;Frijol,Huevos,Tomate;0;0.0;
ensalada Filet bbq;Carnes;Harina,Cebolla,Lenteja;0;0.0;
ensalada Filet chocolate;Dulces;Harina,Cebolla,Pan;0;0.0;
ensalada Filet con salsa;Natural;Harina,Cilantro,Lechuga;0;0.0;
ensalada Filet ensalada;Plato principal;Bacalao,Cilantro,Lechuga;0;0.0;
ensalada Filet Filet;Carnes;Bacalao,Leche,Lenteja;0;0.0;
ensalada Filet gourmet;Comida chatarra;Bacalao,Cebolla,Pan;0;0.0;
ensalada Filet papas;Panaderia;Harina,Pimenton,Lechuga;0;0.0;
ensalada Filet rico;Bebida;Frijol,Cilantro,Lenteja;0;0.0;
ensalada Filet termino medio;Aperitivo;Bacalao,Leche,Tomate;0;0.0;
ensalada gourmet;Aperitivo;Pan,Leche,Agua;0;0.0;
ensalada gourmet ahumado;Bebida;Agua,Leche,Lechuga;0;0.0;
ensalada gourmet bbq;Dulces;Bacalao,Cilantro,Lechuga;0;0.0;
ensalada gourmet chocolate;Adicionales;Frijol,Queso,Pan;0;0.0;
ensalada gourmet con salsa;Natural;Frijol,Pimenton,Tomate;0;0.0;
ensalada gourmet ensalada;Natural;Agua,Cebolla,Lenteja;0;0.0;
ensalada gourmet Filet;Panaderia;Harina,Pimenton,Lenteja;0;0.0;
ensalada gourmet gourmet;Panaderia;Frijol,Pimenton,Tomate;0;0.0;
ensalada gourmet papas;Aperitivo;Bacalao,Huevos,Pan;0;0.0;
ensalada gourmet rico;Bebida;Bacalao,Huevos,Pan;0;0.0;
ensalada gourmet termino medio;Plato principal;Naranja,Pimenton,Pan;0;0.0;
ensalada papas;Comida chatarra;Lechuga,Leche,Agua;0;0.0;
ensalada papas ahumado;Carnes;Frijol,Huevos,Tomate;0;0.0;
ensalada papas bbq;Plato principal;Frijol,Queso,Lechuga;0;0.0;
ensalada papas chocolate;Panaderia;Harina,Pimenton,Pan;0;0.0;
ensalada papas con salsa;Carnes;Harina,Queso,Tomate;0;0.0;
ensalada papas ensalada;Dulces;Frijol,Pimenton,Lechuga;0;0.0;
ensalada papas Filet;Panaderia;Naranja,Cilantro,Lechuga;0;0.0;
ensalada papas gourmet;Carnes;Frijol,Queso,Lenteja;0;0.0;
ensalada papas papas;Comida de mar;Bacalao,Leche,Pan;0;0.0;
ensalada papas rico;Plato principal;Frijol,Huevos,Pan;0;0.0;
ensalada papas termino medio;Bebida;Agua,Pimenton,Lenteja;0;0.0;
ensalada rico;Dulces;Lechuga,Leche,Bacalao;0;0.0;
ensalada rico ahumado;Plato principal;Harina,Queso,Pan;0;0.0;
ensalada rico bbq;Panaderia;Bacalao,Huevos,Lenteja;0;0.0;
ensalada rico chocolate;Natural;Agua,Cebolla,Pan;0;0.0;
ensalada rico con salsa;Aperitivo;Frijol,Leche,Pan;0;0.0;
ensalada rico ensalada;Comida de mar;Frijol,Queso,Lenteja;0;0.0;
ensalada rico Filet;Bebida;Naranja,Queso,Lechuga;0;0.0;
ensalada rico gourmet;Dulces;Frijol,Leche,Lenteja;0;0.0;
ensalada rico papas;Bebida;Harina,Pimenton,Tomate;0;0.0;
ensalada rico rico;Panaderia;Frijol,Pimenton,Pan;0;0.0;
ensalada rico termino medio;Dulces;Agua,Cilantro,Pan;0;0.0;
ensalada termino medio;Bebida;Tomate,Cebolla,Bacalao;0;0.0;
ensalada termino medio ahumado;Carnes;Naranja,Queso,Tomate;0;0.0;
ensalada termino medio bbq;Adicionales;Bacalao,Cilantro,Tomate;0;0.0;
ensalada termino medio chocolate;Panaderia;Frijol,Huevos,Pan;0;0.0;
ensalada termino medio con salsa;Bebida;Bacalao,Leche,Pan;0;0.0;
ensalada termino medio ensalada;Natural;Frijol,Huevos,Tomate;0;0.0;
ensalada termino medio Filet;Dulces;Harina,Cebolla,Lechuga;0;0.0;
ensalada termino medio gourmet;Comida de mar;Agua,Leche,Tomate;0;0.0;
ensalada termino medio papas;Natural;Agua,Leche,Lechuga;0;0.0;
ensalada termino medio rico;Plato principal;Agua,Cebolla,Lechuga;0;0.0;
ensalada termino medio termino medio;Dulces;Bacalao,Leche,Lechuga;0;0.0;
Filet;Carnes;Lenteja,Leche,Naranja;0;0.0;
Filet ahumado;Bebida;Lenteja,Leche,Frijol;0;0.0;
Filet ahumado ahumado;Comida chatarra;Agua,Cilantro,Tomate;0;0.0;
Filet ahumado bbq;Plato principal;Bacalao,Cilantro,Lenteja;0;0.0;
Filet ahumado chocolate;Adicionales;Naranja,Cebolla,Lechuga;0;0.0;
Filet ahumado con salsa;Panaderia;Bacalao,Leche,Lechuga;0;0.0;
Filet ahumado ensalada;Comida de mar;Harina,Cebolla,Tomate;0;0.0;
Filet ahumado Filet;Natural;Harina,Pimenton,Lenteja;0;0.0;
Filet ahumado gourmet;Comida de mar;Agua,Cilantro,Lechuga;0;0.0;
Filet ahumado papas;Natural;Frijol,Cebolla,Lechuga;0;0.0;
Filet ahumado rico;Comida chatarra;Harina,Cilantro,Lenteja;0;0.0;
Filet ahumado termino medio;Natural;Harina,Cebolla,Lechuga;0;0.0;
Filet bbq;Plato principal;Lechuga,Queso,Agua;0;0.0;
Filet bbq ahumado;Dulces;Frijol,Huevos,Tomate;0;0.0;
Filet bbq bbq;Comida chatarra;Agua,Cilantro,Pan;0;0.0;
Filet bbq chocolate;Bebida;Agua,Queso,Lenteja;0;0.0;
Filet bbq con salsa;Panaderia;Agua,Leche,Pan;0;0.0;
Filet bbq ensalada;Carnes;Agua,Huevos,Lechuga;0;0.0;
Filet bbq Filet;Comida de mar;Agua,Huevos,Pan;0;0.0;
Filet bbq gourmet;Aperitivo;Naranja,Leche,Pan;0;0.0;
Filet bbq papas;Natural;Harina,Cebolla,Tomate;0;0.0;
Filet bbq rico;Comida chatarra;Naranja,Leche,Lechuga;0;0.0;
Filet bbq termino medio;Bebida;Agua,Cebolla,Tomate;0;0.0;
Filet chocolate;Adicionales;Lenteja,Cilantro,Bacalao;0;0.0;
Filet chocolate ahumado;Bebida;Agua,Cilantro,Lechuga;0;0.0;
Filet chocolate bbq;Panaderia;Naranja,Cebolla,Pan;0;0.0;
Filet chocolate chocolate;Dulces;Harina,Queso,Lenteja;0;0.0;
Filet chocolate con salsa;Comida chatarra;Harina,Huevos,Pan;0;0.0;
Filet chocolate ensalada;Panaderia;Bacalao,Queso,Pan;0;0.0;
Filet chocolate Filet;Plato principal;Bacalao,Leche,Pan;0;0.0;
Filet chocolate gourmet;Comida de mar;Naranja,Queso,Tomate;0;0.0;
Filet chocolate papas;Panaderia;Harina,Cilantro,Pan;0;0.0;
Filet chocolate rico;Bebida;Harina,Pimenton,Pan;0;0.0;
Filet chocolate termino medio;Panaderia;Bacalao,Huevos,Lechuga;0;0.0;
Filet con salsa;Aperitivo;Lechuga,Cebolla,Bacalao;0;0.0;
Filet con salsa ahumado;Natural;Bacalao,Cebolla,Pan;0;0.0;
Filet con salsa bbq;Dulces;Naranja,Huevos,Lechuga;0;0.0;
Filet con salsa chocolate;Bebida;Harina,Huevos,Lechuga;0;0.0;
Filet con salsa con salsa;Panaderia;Harina,Huevos,Pan;0;0.0;
Filet con salsa ensalada;Bebida;Naranja,Cilantro,Tomate;0;0.0;
Filet con salsa Filet;Panaderia;Frijol,Cilantro,Lechuga;0;0.0;
Filet con salsa gourmet;Aperitivo;Naranja,Huevos,Pan;0;0.0;
Filet con salsa papas;Aperitivo;Bacalao,Leche,Lenteja;0;0.0;
Filet con salsa rico;Dulces;Bacalao,Leche,Lechuga;0;0.0;
Filet con salsa termino medio;Plato principal;Frijol,Cebolla,Lechuga;0;0.0;
Filet ensalada;Plato principal;Lenteja,Cebolla,Agua;0;0.0;
Filet ensalada ahumado;Aperitivo;Naranja,Cebolla,Pan;0;0.0;
Filet ensalada bbq;Natural;Harina,Cilantro,Lechuga;0;0.0;
Filet ensalada chocolate;Carnes;Bacalao,Queso,Lenteja;0;0.0;
Filet ensalada con salsa;Carnes;Naranja,Queso,Pan;0;0.0;
Filet ensalada ensalada;Panaderia;Bacalao,Cebolla,Lechuga;0;0.0;
Filet ensalada Filet;Bebida;Frijol,Cebolla,Lechuga;0;0.0;
Filet ensalada gourmet;Comida chatarra;Agua,Cebolla,Lenteja;0;0.0;
Filet ensalada papas;Natural;Bacalao,Queso,Lenteja;0;0.0;
Filet ensalada rico;Panaderia;Frijol,Cebolla,Tomate;0;0.0;
Filet ensalada termino medio;Dulces;Agua,Huevos,Pan;0;0.0;
Filet Filet;Panaderia;Lechuga,Cilantro,Agua;0;0.0;
Filet Filet ahumado;Panaderia;Harina,Cilantro,Lechuga;0;0.0;
Filet Filet bbq;Adicionales;Agua,Cilantro,Tomate;0;0.0;
Filet Filet chocolate;Plato principal;Frijol,Cebolla,Tomate;0;0.0;
Filet Filet con salsa;Natural;Naranja,Cilantro,Pan;0;0.0;
Filet Filet ensalada;Panaderia;Agua,Queso,Lechuga;0;0.0;
Filet Filet Filet;Comida chatarra;Naranja,Huevos,Pan;0;0.0;
Filet Filet gourmet;Bebida;Naranja,Leche,Tomate;0;0.0;
Filet Filet papas;Aperitivo;Agua,Cebolla,Lenteja;0;0.0;
Filet Filet rico;Bebida;Bacalao,Queso,Tomate;0;0.0;
Filet Filet termino medio;Aperitivo;Agua,Queso,Lechuga;0;0.0;
Filet gourmet;Natural;Lechuga,Cilantro,Bacalao;0;0.0;
Filet gourmet ahumado;Natural;Frijol,Queso,Tomate;0;0.0;
Filet gourmet bbq;Comida de mar;Bacalao,Leche,Tomate;0;0.0;
Filet gourmet chocolate;Comida de mar;Naranja,Leche,Tomate;0;0.0;
Filet gourmet con salsa;Bebida;Bacalao,Queso,Pan;0;0.0;
Filet gourmet ensalada;Panaderia;Agua,Cilantro,Pan;0;0.0;
Filet gourmet Filet;Adicionales;Harina,Cebolla,Pan;0;0.0;
Filet gourmet gourmet;Dulces;Harina,Huevos,Lenteja;0;0.0;
Filet gourmet papas;Panaderia;Agua,Cebolla,Pan;0;0.0;
Filet gourmet rico;Natural;Bacalao,Queso,Lechuga;0;0.0;
Filet gourmet termino medio;Carnes;Bacalao,Leche,Lenteja;0;0.0;
Filet papas;Carnes;Lenteja,Cebolla,Harina;0;0.0;
Filet papas ahumado;Comida chatarra;Frijol,Cilantro,Tomate;0;0.0;
Filet papas bbq;Natural;Bacalao,Leche,Pan;0;0.0;
Filet papas chocolate;Comida de mar;Naranja,Leche,Tomate;0;0.0;
Filet papas con salsa;Aperitivo;Bacalao,Queso,Lenteja;0;0.0;
Filet papas ensalada;Adicionales;Frijol,Pimenton,Pan;0;0.0;
Filet papas Filet;Comida chatarra;Bacalao,Pimenton,Tomate;0;0.0;
Filet papas gourmet;Aperitivo;Bacalao,Cilantro,Tomate;0;0.0;
Filet papas papas;Adicionales;Agua,Queso,Lechuga;0;0.0;
Filet papas rico;Dulces;Bacalao,Leche,Pan;0;0.0;
Filet papas termino medio;Aperitivo;Bacalao,Cebolla,Pan;0;0.0;
Filet rico;Adicionales;Lechuga,Pimenton,Frijol;0;0.0;
Filet rico ahumado;Comida de mar;Harina,Cilantro,Lechuga;0;0.0;
Filet rico bbq;Aperitivo;Agua,Huevos,Pan;0;0.0;
Filet rico chocolate;Panaderia;Bacalao,Cilantro,Tomate;0;0.0;
Filet rico con salsa;Adicionales;Naranja,Pimenton,Tomate;0;0.0;
Filet rico ensalada;Aperitivo;Agua,Pimenton,Tomate;0;0.0;
Filet rico Filet;Adicionales;Naranja,Leche,Lenteja;0;0.0;
Filet rico gourmet;Dulces;Frijol,Cilantro,Pan;0;0.0;
Filet rico papas;Carnes;Frijol,Leche,Lenteja;0;0.0;
Filet rico rico;Plato principal;Bacalao,Queso,Lechuga;0;0.0;
Filet rico termino medio;Carnes;Bacalao,Leche,Lechuga;0;0.0;
Filet termino medio;Aperitivo;Lenteja,Queso,Harina;0;0.0;
Filet termino medio ahumado;Comida chatarra;Agua,Cebolla,Tomate;0;0.0;
Filet termino medio bbq;Panaderia;Bacalao,Queso,Pan;0;0.0;
Filet termino medio chocolate;Dulces;Naranja,Leche,Lechuga;0;0.0;
Filet termino medio con salsa;Bebida;Harina,Queso,Lenteja;0;0.0;
Filet termino medio ensalada;Adicionales;Bacalao,Queso,Lechuga;0;0.0;
Filet termino medio Filet;Panaderia;Harina,Pimenton,Pan;0;0.0;
Filet termino medio gourmet;Panaderia;Bacalao,Queso,Lechuga;0;0.0;
Filet termino medio papas;Adicionales;Frijol,Queso,Tomate;0;0.0;
Filet termino medio rico;Bebida;Frijol,Cilantro,Pan;0;0.0;
Filet termino medio termino medio;Adicionales;Agua,Cilantro,Pan;0;0.0;
gourmet;Adicionales;Pan,Cebolla,Naranja;0;0.0;
gourmet ahumado;Adicionales;Tomate,Cilantro,Frijol;0;0.0;
gourmet ahumado ahumado;Panaderia;Queso,Lenteja,Frijol;0;0.0;
gourmet ahumado bbq;Comida chatarra;Pimenton,Lechuga,Frijol;0;0.0;
gourmet ahumado chocolate;Comida chatarra;Frijol,Pimenton,Lechuga;0;0.0;
gourmet ahumado con salsa;Plato principal;Cebolla,Lenteja,Bacalao;0;0.0;
gourmet ahumado ensalada;Carnes;Frijol,Huevos,Tomate;0;0.0;
gourmet ahumado Filet;Natural;Harina,Cebolla,Tomate;0;0.0;
gourmet ahumado gourmet;Plato principal;Cebolla,Lechuga,Harina;0;0.0;
gourmet ahumado papas;Bebida;Frijol,Huevos,Lechuga;0;0.0;
gourmet ahumado rico;Comida chatarra;Frijol,Queso,Pan;0;0.0;
gourmet ahumado termino medio;Comida chatarra;Queso,Tomate,Agua;0;0.0;
gourmet bbq;Bebida;Lechuga,Cilantro,Bacalao;0;0.0;
gourmet bbq ahumado;Plato principal;Bacalao,Cilantro,Pan;0;0.0;
gourmet bbq bbq;Natural;Harina,Huevos,Lenteja;0;0.0;
gourmet bbq chocolate;Comida de mar;Agua,Huevos,Lechuga;0;0.0;
gourmet bbq con salsa;Natural;Bacalao,Pimenton,Lenteja;0;0.0;
gourmet bbq ensalada;Comida de mar;Naranja,Huevos,Pan;0;0.0;
gourmet bbq Filet;Dulces;Harina,Cebolla,Lenteja;0;0.0;
gourmet bbq gourmet;Plato principal;Frijol,Queso,Lechuga;0;0.0;
gourmet bbq papas;Comida chatarra;Frijol,Cilantro,Lenteja;0;0.0;
gourmet bbq rico;Aperitivo;Agua,Pimenton,Lenteja;0;0.0;
gourmet bbq termino medio;Panaderia;Agua,Pimenton,Pan;0;0.0;
gourmet chocolate;Aperitivo;Tomate,Cilantro,Agua;0;0.0;
gourmet chocolate ahumado;Plato principal;Naranja,Leche,Lenteja;0;0.0;
gourmet chocolate bbq;Bebida;Agua,Cebolla,Lenteja;0;0.0;
gourmet chocolate chocolate;Bebida;Naranja,Queso,Pan;0;0.0;
gourmet chocolate con salsa;Bebida;Frijol,Queso,Pan;0;0.0;
gourmet chocolate ensalada;Natural;Naranja,Leche,Tomate;0;0.0;
gourmet chocolate Filet;Plato principal;Harina,Leche,Lenteja;0;0.0;
gourmet chocolate gourmet;Carnes;Harina,Pimenton,Tomate;0;0.0;
gourmet chocolate papas;Dulces;Frijol,Pimenton,Pan;0;0.0;
gourmet chocolate rico;Panaderia;Agua,Pimenton,Tomate;0;0.0;
gourmet chocolate termino medio;Adicionales;Frijol,Queso,Pan;0;0.0;
gourmet con salsa;Adicionales;Lechuga,Leche,Bacalao;0;0.0;
gourmet con salsa ahumado;Comida chatarra;Cilantro,Lechuga,Frijol;0;0.0;
gourmet con salsa bbq;Adicionales;Leche,Lenteja,Bacalao;0;0.0;
gourmet con salsa chocolate;Carnes;Queso,Tomate,Naranja;0;0.0;
gourmet con salsa con salsa;Comida chatarra;Queso,Tomate,Agua;0;0.0;
gourmet con salsa ensalada;Natural;Queso,Lenteja,Frijol;0;0.0;
gourmet con salsa Filet;Plato principal;Pan,Lechuga,Bacalao;0;0.0;
gourmet con salsa gourmet;Aperitivo;Cebolla,Lechuga,Harina;0;0.0;
gourmet con salsa papas;Comida chatarra;Cilantro,Lechuga,Frijol;0;0.0;
gourmet con salsa rico;Panaderia;Leche,Tomate,Frijol;0;0.0;
gourmet con salsa termino medio;Bebida;Pan,Lechuga,Agua;0;0.0;
gourmet ensalada;Comida de mar;Lenteja,Leche,Agua;0;0.0;
gourmet ensalada ahumado;Bebida;Harina,Huevos,Lechuga;0;0.0;
gourmet ensalada bbq;Bebida;Naranja,Leche,Tomate;0;0.0;
gourmet ensalada chocolate;Bebida;Harina,Queso,Lechuga;0;0.0;
gourmet ensalada con salsa;Comida chatarra;Naranja,Leche,Tomate;0;0.0;
gourmet ensalada ensalada;Bebida;Agua,Pimenton,Tomate;0;0.0;
gourmet ensalada Filet;Comida chatarra;Frijol,Leche,Lenteja;0;0.0;
gourmet ensalada gourmet;Comida chatarra;Naranja,Huevos,Pan;0;0.0;
gourmet ensalada papas;Dulces;Naranja,Pimenton,Lenteja;0;0.0;
gourmet ensalada rico;Natural;Naranja,Cilantro,Tomate;0;0.0;
gourmet ensalada termino medio;Plato principal;Harina,Cebolla,Lechuga;0;0.0;
gourmet Filet;Comida chatarra;Pan,Leche,Naranja;0;0.0;
gourmet Filet ahumado;Plato principal;Harina,Cilantro,Pan;0;0.0;
gourmet Filet bbq;Aperitivo;Harina,Pimenton,Pan;0;0.0;
gourmet Filet chocolate;Comida chatarra;Bacalao,Pimenton,Lenteja;0;0.0;
gourmet Filet con salsa;Carnes;Harina,Cebolla,Lenteja;0;0.0;
gourmet Filet ensalada;Comida de mar;Harina,Cilantro,Lechuga;0;0.0;
gourmet Filet Filet;Dulces;Harina,Leche,Pan;0;0.0;
gourmet Filet gourmet;Dulces;Agua,Pimenton,Pan;0;0.0;
gourmet Filet papas;Panaderia;Bacalao,Cebolla,Lechuga;0;0.0;
gourmet Filet rico;Comida chatarra;Frijol,Cilantro,Lenteja;0;0.0;
gourmet Filet termino medio;Bebida;Bacalao,Pimenton,Tomate;0;0.0;
gourmet gourmet;Plato principal;Lenteja,Cebolla,Harina;0;0.0;
gourmet gourmet ahumado;Plato principal;Queso,Lechuga,Bacalao;0;0.0;
gourmet gourmet bbq;Bebida;Leche,Lenteja,Agua;0;0.0;
gourmet gourmet chocolate;Natural;Pimenton,Lechuga,Agua;0;0.0;
gourmet gourmet con salsa;Plato principal;Queso,Lenteja,Agua;0;0.0;
gourmet gourmet ensalada;Natural;Leche,Tomate,Naranja;0;0.0;
gourmet gourmet Filet;Carnes;Leche,Tomate,Frijol;0;0.0;
gourmet gourmet gourmet;Dulces;Leche,Tomate,Harina;0;0.0;
gourmet gourmet papas;Panaderia;Cebolla,Tomate,Bacalao;0;0.0;
gourmet gourmet rico;Aperitivo;Huevos,Lenteja,Naranja;0;0.0;
gourmet gourmet termino medio;Plato principal;Huevos,Lechuga,Agua;0;0.0;
gourmet papas;Adicionales;Pan,Cilantro,Agua;0;0.0;
gourmet papas ahumado;Aperitivo;Harina,Huevos,Pan;0;0.0;
gourmet papas bbq;Bebida;Harina,Cebolla,Lechuga;0;0.0;
gourmet papas chocolate;Bebida;Agua,Huevos,Tomate;0;0.0;
gourmet papas con salsa;Plato principal;Naranja,Cilantro,Lechuga;0;0.0;
gourmet papas ensalada;Carnes;Frijol,Huevos,Lenteja;0;0.0;
gourmet papas Filet;Comida chatarra;Frijol,Queso,Pan;0;0.0;
gourmet papas gourmet;Natural;Harina,Cebolla,Pan;0;0.0;
gourmet papas papas;Comida de mar;Frijol,Cebolla,Tomate;0;0.0;
gourmet papas rico;Carnes;Naranja,Leche,Tomate;0;0.0;
gourmet papas termino medio;Carnes;Naranja,Cebolla,Pan;0;0.0;
gourmet rico;Comida chatarra;Lenteja,Leche,Agua;0;0.0;
gourmet rico ahumado;Adicionales;Naranja,Huevos,Lenteja;0;0.0;
gourmet rico bbq;Adicionales;Agua,Cilantro,Tomate;0;0.0;
gourmet rico chocolate;Comida chatarra;Agua,Pimenton,Lenteja;0;0.0;
gourmet rico con salsa;Carnes;Bacalao,Pimenton,Pan;0;0.0;
gourmet rico ensalada;Plato principal;Naranja,Leche,Pan;0;0.0;
gourmet rico Filet;Adicionales;Naranja,Cebolla,Lechuga;0;0.0;
gourmet rico gourmet;Panaderia;Frijol,Huevos,Pan;0;0.0;
gourmet rico papas;Panaderia;Agua,Huevos,Tomate;0;0.0;
gourmet rico rico;Panaderia;Agua,Huevos,Pan;0;0.0;
gourmet rico termino medio;Panaderia;Bacalao,Cilantro,Pan;0;0.0;
gourmet termino medio;Natural;Lechuga,Cilantro,Frijol;0;0.0;
gourmet termino medio ahumado;Plato principal;Cilantro,Tomate,Frijol;0;0.0;
gourmet termino medio bbq;Panaderia;Cilantro,Lechuga,Frijol;0;0.0;
gourmet termino medio chocolate;Comida de mar;Huevos,Lenteja,Agua;0;0.0;
gourmet termino medio con salsa;Adicionales;Huevos,Tomate,Frijol;0;0.0;
gourmet termino medio ensalada;Bebida;Queso,Lenteja,Harina;0;0.0;
gourmet termino medio Filet;Comida de mar;Leche,Lenteja,Naranja;0;0.0;
gourmet termino medio gourmet;Plato principal;Pimenton,Lechuga,Naranja;0;0.0;
gourmet termino medio papas;Bebida;Queso,Tomate,Agua;0;0.0;
gourmet termino medio rico;Plato principal;Queso,Lechuga,Agua;0;0.0;
gourmet termino medio termino medio;Plato principal;Cilantro,Lechuga,Bacalao;0;0.0;
papas;Adicionales;Lenteja,Leche,Harina;0;0.0;
papas ahumado;Adicionales;Pan,Queso,Agua;0;0.0;
papas ahumado ahumado;Comida de mar;Pan,Pimenton,Bacalao;0;0.0;
papas ahumado bbq;Dulces;Pan,Queso,Bacalao;0;0.0;
papas ahumado chocolate;Adicionales;Lechuga,Pimenton,Bacalao;0;0.0;
papas ahumado con salsa;Comida chatarra;Lenteja,Cilantro,Bacalao;0;0.0;
papas ahumado ensalada;Carnes;Lenteja,Queso,Harina;0;0.0;
papas ahumado Filet;Carnes;Lechuga,Queso,Agua;0;0.0;
papas ahumado gourmet;Carnes;Lenteja,Leche,Naranja;0;0.0;
papas ahumado papas;Panaderia;Lenteja,Cilantro,Harina;0;0.0;
papas ahumado rico;Comida chatarra;Lenteja,Pimenton,Frijol;0;0.0;
papas ahumado termino medio;Dulces;Lenteja,Pimenton,Naranja;0;0.0;
papas bbq;Comida chatarra;Lenteja,Pimenton,Naranja;0;0.0;
papas bbq ahumado;Bebida;Tomate,Cebolla,Harina;0;0.0;
papas bbq bbq;Plato principal;Lenteja,Leche,Naranja;0;0.0;
papas bbq chocolate;Panaderia;Pan,Cebolla,Harina;0;0.0;
papas bbq con salsa;Carnes;Lechuga,Leche,Agua;0;0.0;
papas bbq ensalada;Bebida;Lenteja,Queso,Frijol;0;0.0;
papas bbq Filet;Panaderia;Tomate,Pimenton,Frijol;0;0.0;
papas bbq gourmet;Aperitivo;Pan,Queso,Agua;0;0.0;
papas bbq papas;Comida de mar;Lenteja,Pimenton,Frijol;0;0.0;
papas bbq rico;Comida chatarra;Lenteja,Leche,Harina;0;0.0;
papas bbq termino medio;Panaderia;Lenteja,Pimenton,Harina;0;0.0;
papas chocolate;Aperitivo;Pan,Leche,Agua;0;0.0;
papas chocolate ahumado;Dulces;Tomate,Cebolla,Frijol;0;0.0;
papas chocolate bbq;Bebida;Tomate,Cebolla,Naranja;0;0.0;
papas chocolate chocolate;Aperitivo;Lenteja,Cebolla,Frijol;0;0.0;
papas chocolate con salsa;Dulces;Tomate,Cebolla,Harina;0;0.0;
papas chocolate ensalada;Plato principal;Lenteja,Leche,Harina;0;0.0;
papas chocolate Filet;Adicionales;Pan,Cilantro,Harina;0;0.0;
papas chocolate gourmet;Carnes;Tomate,Queso,Naranja;0;0.0;
papas chocolate papas;Aperitivo;Lenteja,Cebolla,Bacalao;0;0.0;
papas chocolate rico;Aperitivo;Tomate,Cebolla,Bacalao;0;0.0;
papas chocolate termino medio;Natural;Tomate,Cebolla,Harina;0;0.0;
papas con salsa;Bebida;Pan,Queso,Bacalao;0;0.0;
papas con salsa ahumado;Natural;Frijol,Queso,Lechuga;0;0.0;
papas con salsa bbq;Adicionales;Naranja,Leche,Pan;0;0.0;
papas con salsa chocolate;Bebida;Frijol,Cilantro,Lenteja;0;0.0;
papas con salsa con salsa;Adicionales;Bacalao,Leche,Pan;0;0.0;
papas con salsa ensalada;Aperitivo;Frijol,Queso,Lenteja;0;0.0;
papas con salsa Filet;Carnes;Harina,Cebolla,Lenteja;0;0.0;
papas con salsa gourmet;Dulces;Frijol,Leche,Pan;0;0.0;
papas con salsa papas;Plato principal;Frijol,Queso,Tomate;0;0.0;
papas con salsa rico;Comida chatarra;Frijol,Leche,Lenteja;0;0.0;
papas con salsa termino medio;Dulces;Frijol,Cilantro,Lechuga;0;0.0;
papas ensalada;Plato principal;Lenteja,Cilantro,Frijol;0;0.0;
papas ensalada ahumado;Comida de mar;Lechuga,Queso,Bacalao;0;0.0;
papas ensalada bbq;Aperitivo;Pan,Cebolla,Naranja;0;0.0;
papas ensalada chocolate;Bebida;Lechuga,Cebolla,Agua;0;0.0;
papas ensalada con salsa;Aperitivo;Lenteja,Pimenton,Bacalao;0;0.0;
papas ensalada ensalada;Comida chatarra;Pan,Queso,Naranja;0;0.0;
papas ensalada Filet;Aperitivo;Pan,Queso,Frijol;0;0.0;
papas ensalada gourmet;Carnes;Tomate,Cilantro,Bacalao;0;0.0;
papas ensalada papas;Carnes;Lenteja,Leche,Bacalao;0;0.0;
papas ensalada rico;Carnes;Lenteja,Cebolla,Frijol;0;0.0;
papas ensalada termino medio;Panaderia;Tomate,Pimenton,Harina;0;0.0;
papas Filet;Bebida;Lenteja,Queso,Naranja;0;0.0;
papas Filet ahumado;Panaderia;Pan,Pimenton,Harina;0;0.0;
papas Filet bbq;Comida de mar;Lenteja,Cebolla,Harina;0;0.0;
papas Filet chocolate;Plato principal;Lenteja,Cebolla,Harina;0;0.0;
papas Filet con salsa;Bebida;Lenteja,Queso,Harina;0;0.0;
papas Filet ensalada;Bebida;Tomate,Leche,Frijol;0;0.0;
papas Filet Filet;Comida chatarra;Tomate,Pimenton,Harina;0;0.0;
papas Filet gourmet;Natural;Tomate,Leche,Frijol;0;0.0;
papas Filet papas;Bebida;Lechuga,Cilantro,Harina;0;0.0;
papas Filet rico;Dulces;Tomate,Cilantro,Bacalao;0;0.0;
papas Filet termino medio;Dulces;Lenteja,Queso,Harina;0;0.0;
papas gourmet;Plato principal;Lechuga,Pimenton,Harina;0;0.0;
papas gourmet ahumado;Dulces;Naranja,Cebolla,Tomate;0;0.0;
papas gourmet bbq;Dulces;Frijol,Cilantro,Lechuga;0;0.0;
papas gourmet chocolate;Carnes;Bacalao,Leche,Tomate;0;0.0;
papas gourmet con salsa;Panaderia;Agua,Huevos,Tomate;0;0.0;
papas gourmet ensalada;Bebida;Harina,Cilantro,Pan;0;0.0;
papas gourmet Filet;Plato principal;Frijol,Cilantro,Lenteja;0;0.0;
papas gourmet gourmet;Panaderia;Frijol,Queso,Lechuga;0;0.0;
papas gourmet papas;Adicionales;Naranja,Cebolla,Lechuga;0;0.0;
papas gourmet rico;Panaderia;Lechuga,Cebolla,Agua;0;0.0;
papas gourmet termino medio;Dulces;Harina,Leche,Lechuga;0;0.0;
papas papas;Bebida;Lechuga,Queso,Naranja;0;0.0;
papas papas ahumado;Comida de mar;Lechuga,Pimenton,Harina;0;0.0;
papas papas bbq;Carnes;Tomate,Queso,Harina;0;0.0;
papas papas chocolate;Panaderia;Lechuga,Leche,Agua;0;0.0;
papas papas con salsa;Comida chatarra;Tomate,Cilantro,Bacalao;0;0.0;
papas papas ensalada;Plato principal;Lenteja,Queso,Frijol;0;0.0;
papas papas Filet;Comida chatarra;Pan,Queso,Agua;0;0.0;
papas papas gourmet;Natural;Pan,Cilantro,Agua;0;0.0;
papas papas papas;Comida chatarra;Lechuga,Leche,Bacalao;0;0.0;
papas papas rico;Bebida;Tomate,Cebolla,Harina;0;0.0;
papas papas termino medio;Comida de mar;Tomate,Queso,Frijol;0;0.0;
papas rico;Plato principal;Lenteja,Leche,Naranja;0;0.0;
papas rico ahumado;Aperitivo;Lechuga,Cebolla,Harina;0;0.0;
papas rico bbq;Comida chatarra;Lenteja,Queso,Harina;0;0.0;
papas rico chocolate;Comida chatarra;Lenteja,Pimenton,Harina;0;0.0;
papas rico con salsa;Bebida;Lenteja,Queso,Bacalao;0;0.0;
papas rico ensalada;Comida de mar;Tomate,Queso,Frijol;0;0.0;
papas rico Filet;Plato principal;Pan,Pimenton,Agua;0;0.0;
papas rico gourmet;Carnes;Lenteja,Queso,Naranja;0;0.0;
papas rico papas;Comida de mar;Lechuga,Queso,Agua;0;0.0;
papas rico rico;Adicionales;Pan,Cebolla,Frijol;0;0.0;
papas rico rico papas;Panaderia;Huevos,Lechuga,Frijol;0;0.0;
papas rico rico rico;Natural;Queso,Lenteja,Frijol;0;0.0;
papas rico termino medio;Bebida;Lenteja,Queso,Frijol;0;0.0;
papas termino medio;Comida chatarra;Lenteja,Queso,Frijol;0;0.0;
papas termino medio ahumado;Panaderia;Pan,Queso,Bacalao;0;0.0;
papas termino medio bbq;Natural;Pan,Queso,Naranja;0;0.0;
papas termino medio chocolate;Panaderia;Tomate,Queso,Agua;0;0.0;
papas termino medio con salsa;Comida de mar;Lechuga,Cilantro,Bacalao;0;0.0;
papas termino medio ensalada;Plato principal;Lechuga,Cilantro,Frijol;0;0.0;
papas termino medio Filet;Carnes;Lechuga,Pimenton,Harina;0;0.0;
papas termino medio gourmet;Comida chatarra;Tomate,Leche,Frijol;0;0.0;
papas termino medio papas;Panaderia;Lechuga,Cebolla,Frijol;0;0.0;
papas termino medio rico;Comida chatarra;Pan,Leche,Bacalao;0;0.0;
papas termino medio termino medio;Plato principal;Pan,Cilantro,Harina;0;0.0;
termino medio;Natural;Tomate,Pimenton,Bacalao;0;0.0;
termino medio ahumado;Comida chatarra;Tomate,Cilantro,Agua;0;0.0;
termino medio ahumado ahumado;Comida de mar;Bacalao,Pimenton,Tomate;0;0.0;
termino medio ahumado bbq;Carnes;Agua,Pimenton,Pan;0;0.0;
termino medio ahumado chocolate;Adicionales;Agua,Leche,Lechuga;0;0.0;
termino medio ahumado con salsa;Panaderia;Harina,Queso,Lenteja;0;0.0;
termino medio ahumado ensalada;Carnes;Naranja,Cebolla,Lechuga;0;0.0;
termino medio ahumado Filet;Dulces;Naranja,Cebolla,Lenteja;0;0.0;
termino medio ahumado gourmet;Plato principal;Naranja,Huevos,Lenteja;0;0.0;
termino medio ahumado papas;Dulces;Harina,Huevos,Pan;0;0.0;
termino medio ahumado rico;Comida de mar;Frijol,Leche,Tomate;0;0.0;
termino medio ahumado termino medio;Panaderia;Agua,Cebolla,Lenteja;0;0.0;
termino medio bbq;Plato principal;Lenteja,Queso,Agua;0;0.0;
termino medio bbq ahumado;Comida chatarra;Agua,Leche,Lenteja;0;0.0;
termino medio bbq bbq;Panaderia;Frijol,Queso,Lechuga;0;0.0;
termino medio bbq chocolate;Comida de mar;Naranja,Pimenton,Tomate;0;0.0;
termino medio bbq con salsa;Bebida;Bacalao,Huevos,Lenteja;0;0.0;
termino medio bbq ensalada;Carnes;Harina,Cebolla,Lechuga;0;0.0;
termino medio bbq Filet;Natural;Agua,Pimenton,Lechuga;0;0.0;
termino medio bbq gourmet;Dulces;Agua,Leche,Pan;0;0.0;
termino medio bbq papas;Panaderia;Frijol,Huevos,Lenteja;0;0.0;
termino medio bbq rico;Adicionales;Naranja,Huevos,Lenteja;0;0.0;
termino medio bbq termino medio;Plato principal;Agua,Huevos,Lechuga;0;0.0;
termino medio chocolate;Aperitivo;Lenteja,Leche,Frijol;0;0.0;
termino medio chocolate ahumado;Panaderia;Harina,Leche,Tomate;0;0.0;
termino medio chocolate bbq;Aperitivo;Bacalao,Cebolla,Pan;0;0.0;
termino medio chocolate chocolate;Aperitivo;Naranja,Queso,Tomate;0;0.0;
termino medio chocolate con salsa;Carnes;Frijol,Pimenton,Tomate;0;0.0;
termino medio chocolate ensalada;Dulces;Harina,Queso,Tomate;0;0.0;
termino medio chocolate Filet;Aperitivo;Harina,Cilantro,Lechuga;0;0.0;
termino medio chocolate gourmet;Natural;Naranja,Cebolla,Pan;0;0.0;
termino medio chocolate papas;Comida de mar;Agua,Leche,Tomate;0;0.0;
termino medio chocolate rico;Comida chatarra;Naranja,Pimenton,Pan;0;0.0;
termino medio chocolate termino medio;Bebida;Naranja,Cilantro,Tomate;0;0.0;
termino medio con salsa;Comida chatarra;Lechuga,Pimenton,Bacalao;0;0.0;
termino medio con salsa ahumado;Adicionales;Harina,Huevos,Lechuga;0;0.0;
termino medio con salsa bbq;Natural;Bacalao,Pimenton,Pan;0;0.0;
termino medio con salsa chocolate;Carnes;Naranja,Pimenton,Tomate;0;0.0;
termino medio con salsa con salsa;Panaderia;Naranja,Cebolla,Tomate;0;0.0;
termino medio con salsa ensalada;Comida chatarra;Frijol,Cebolla,Pan;0;0.0;
termino medio con salsa Filet;Natural;Harina,Pimenton,Lechuga;0;0.0;
termino medio con salsa gourmet;Panaderia;Frijol,Cebolla,Lenteja;0;0.0;
termino medio con salsa papas;Panaderia;Frijol,Huevos,Lechuga;0;0.0;
termino medio con salsa rico;Plato principal;Agua,Queso,Lenteja;0;0.0;
termino medio con salsa termino medio;Natural;Naranja,Queso,Lenteja;0;0.0;
termino medio ensalada;Dulces;Lenteja,Pimenton,Agua;0;0.0;
termino medio ensalada ahumado;Adicionales;Harina,Pimenton,Lenteja;0;0.0;
termino medio ensalada bbq;Natural;Frijol,Huevos,Pan;0;0.0;
termino medio ensalada chocolate;Carnes;Frijol,Huevos,Lechuga;0;0.0;
termino medio ensalada con salsa;Comida de mar;Bacalao,Huevos,Tomate;0;0.0;
termino medio ensalada ensalada;Dulces;Harina,Cebolla,Lenteja;0;0.0;
termino medio ensalada Filet;Comida chatarra;Harina,Pimenton,Pan;0;0.0;
termino medio ensalada gourmet;Aperitivo;Harina,Queso,Pan;0;0.0;
termino medio ensalada papas;Adicionales;Harina,Cebolla,Lenteja;0;0.0;
termino medio ensalada rico;Comida de mar;Bacalao,Cebolla,Tomate;0;0.0;
termino medio ensalada termino medio;Adicionales;Frijol,Pimenton,Lenteja;0;0.0;
termino medio Filet;Comida chatarra;Tomate,Queso,Bacalao;0;0.0;
termino medio Filet ahumado;Comida chatarra;Harina,Pimenton,Lechuga;0;0.0;
termino medio Filet bbq;Dulces;Frijol,Cebolla,Lenteja;0;0.0;
termino medio Filet chocolate;Comida chatarra;Agua,Queso,Pan;0;0.0;
termino medio Filet con salsa;Aperitivo;Naranja,Cilantro,Lechuga;0;0.0;
termino medio Filet ensalada;Plato principal;Frijol,Cilantro,Pan;0;0.0;
termino medio Filet Filet;Aperitivo;Agua,Huevos,Lenteja;0;0.0;
termino medio Filet gourmet;Natural;Bacalao,Cilantro,Lechuga;0;0.0;
termino medio Filet papas;Comida chatarra;Harina,Cilantro,Lenteja;0;0.0;
termino medio Filet rico;Aperitivo;Harina,Leche,Tomate;0;0.0;
termino medio Filet termino medio;Comida de mar;Agua,Cilantro,Pan;0;0.0;
termino medio gourmet;Adicionales;Lenteja,Pimenton,Bacalao;0;0.0;
termino medio gourmet ahumado;Panaderia;Agua,Leche,Pan;0;0.0;
termino medio gourmet bbq;Carnes;Naranja,Huevos,Pan;0;0.0;
termino medio gourmet chocolate;Panaderia;Naranja,Cilantro,Pan;0;0.0;
termino medio gourmet con salsa;Comida de mar;Agua,Huevos,Pan;0;0.0;
termino medio gourmet ensalada;Adicionales;Harina,Cilantro,Lenteja;0;0.0;
termino medio gourmet Filet;Natural;Agua,Cebolla,Lenteja;0;0.0;
termino medio gourmet gourmet;Bebida;Frijol,Leche,Pan;0;0.0;
termino medio gourmet papas;Dulces;Frijol,Queso,Lechuga;0;0.0;
termino medio gourmet rico;Natural;Bacalao,Cebolla,Lechuga;0;0.0;
termino medio gourmet termino medio;Panaderia;Bacalao,Cebolla,Pan;0;0.0;
termino medio papas;Carnes;Pan,Cilantro,Bacalao;0;0.0;
termino medio papas ahumado;Bebida;Agua,Leche,Lechuga;0;0.0;
termino medio papas bbq;Comida chatarra;Frijol,Pimenton,Tomate;0;0.0;
termino medio papas chocolate;Comida chatarra;Naranja,Cebolla,Pan;0;0.0;
termino medio papas con salsa;Bebida;Agua,Pimenton,Pan;0;0.0;
termino medio papas ensalada;Comida chatarra;Harina,Cilantro,Lechuga;0;0.0;
termino medio papas Filet;Bebida;Harina,Queso,Lechuga;0;0.0;
termino medio papas gourmet;Bebida;Naranja,Queso,Tomate;0;0.0;
termino medio papas papas;Dulces;Agua,Queso,Tomate;0;0.0;
termino medio papas rico;Panaderia;Naranja,Pimenton,Pan;0;0.0;
termino medio papas termino medio;Plato principal;Agua,Cilantro,Pan;0;0.0;
termino medio rico;Adicionales;Lenteja,Cilantro,Bacalao;0;0.0;
termino medio rico ahumado;Plato principal;Naranja,Huevos,Lenteja;0;0.0;
termino medio rico bbq;Bebida;Agua,Cilantro,Lenteja;0;0.0;
termino medio rico chocolate;Dulces;Bacalao,Huevos,Lenteja;0;0.0;
termino medio rico con salsa;Comida chatarra;Harina,Leche,Pan;0;0.0;
termino medio rico ensalada;Plato principal;Frijol,Huevos,Tomate;0;0.0;
termino medio rico Filet;Carnes;Bacalao,Cilantro,Pan;0;0.0;
termino medio rico gourmet;Carnes;Bacalao,Queso,Pan;0;0.0;
termino medio rico papas;Dulces;Frijol,Huevos,Tomate;0;0.0;
termino medio rico rico;Aperitivo;Frijol,Pimenton,Lechuga;0;0.0;
termino medio rico termino medio;Carnes;Bacalao,Cebolla,Pan;0;0.0;
termino medio termino medio;Aperitivo;Tomate,Cilantro,Naranja;0;0.0;
termino medio termino medio ahumado;Dulces;Naranja,Leche,Lenteja;0;0.0;
termino medio termino medio bbq;Comida chatarra;Bacalao,Huevos,Tomate;0;0.0;
termino medio termino medio chocolate;Bebida;Agua,Leche,Pan;0;0.0;
termino medio termino medio con salsa;Carnes;Naranja,Queso,Tomate;0;0.0;
termino medio termino medio ensalada;Dulces;Frijol,Queso,Lechuga;0;0.0;
termino medio termino medio Filet;Carnes;Harina,Pimenton,Tomate;0;0.0;
termino medio termino medio gourmet;Bebida;Naranja,Leche,Lechuga;0;0.0;
termino medio termino medio papas;Plato principal;Agua,Cebolla,Lenteja;0;0.0;
termino medio termino medio rico;Adicionales;Agua,Huevos,Lenteja;0;0.0;
termino medio termino medio termino medio;Plato principal;Frijol,Cilantro,Lenteja;0;0.0;
1001 productos en el restaurante;;;0 productos pedidos0.0
